{
  "project_info": {
    "project_number": "905008327001",
    "firebase_url": "https://fir-ce111.firebaseio.com",
    "project_id": "fir-ce111",
    "storage_bucket": "fir-ce111.appspot.com"
  },
  "client": [
    {
      "client_info": {
        "mobilesdk_app_id": "1:905008327001:android:2b13426f22c0f796",
        "android_client_info": {
          "package_name": "com.example.prp.firebase"
        }
      },
      "oauth_client": [
        {
          "client_id": "905008327001-1hcjak50vbjdji2nvj7htqfue1kmjhgl.apps.googleusercontent.com",
          "client_type": 3
        }
      ],
      "api_key": [
        {
          "current_key": "AIzaSyBAvdi_eufNBK4aOCTKZzfVLSFODvZag9Y"
        }
      ],
      "services": {
        "analytics_service": {
          "status": 1
        },
        "appinvite_service": {
          "status": 1,
          "other_platform_oauth_client": []
        },
        "ads_service": {
          "status": 2
        }
      }
    }
  ],
  "configuration_version": "1"
}